Employee_ID;Salary;Department
543;1410;7
1302;2184;4
1684;4074;5
2339;1562;2
3833;6638;7
3640;4310;2
4085;4725;7
3254;6347;7
4096;7882;3
4970;6378;5
169;9786;5
3797;6232;6
1420;6503;8
3369;2703;5
1850;5778;3
4052;4600;7
4191;4485;6
3697;8509;7
1078;4587;2
3533;2035;5
1594;4059;4
4460;3566;0
2228;1090;3
1400;9394;8
3155;6875;4
2542;8446;4
4865;6450;4
234;4725;7
1062;6273;7
2956;6912;4
3462;6758;7
3158;6972;10
439;3166;1
934;5953;0
4732;3630;4
1073;4263;5
4407;9643;0
1588;8617;9
4606;8481;7
2293;1228;9
2928;9557;6
2047;7962;6
3214;6374;5
1287;5810;5
327;9033;4
4695;8968;8
1426;1267;5
3177;4671;5
3085;5250;3
2817;8833;9
1038;3528;3
4882;5207;5
3073;7549;6
481;1105;8
3255;1333;7
4511;5238;9
4354;4422;8
4427;6777;2
832;9299;9
4694;3223;2
2119;5788;6
517;5923;2
4992;1451;10
1031;5008;5
995;1942;4
4686;1969;0
955;5740;6
2877;1162;3
4900;4703;4
4080;7391;1
4020;1536;1
1237;9782;10
2882;2247;5
906;2734;7
3239;2505;10
2203;5050;5
1056;1496;2
2;1767;10
4423;2236;5
3454;6600;7
3923;9274;9
3501;1201;0
152;5175;4
4265;2844;6
4447;1207;2
4862;8586;8
1494;2912;8
4786;8470;5
2758;8984;4
2147;3358;7
1422;1428;9
2965;5519;9
92;8680;2
3639;3585;8
1157;3883;7
1015;2396;5
2952;1361;5
482;1308;8
653;6224;0
1448;4604;2
1754;4577;7
506;8742;10
364;1841;5
2916;3156;6
2773;4754;4
2333;8586;1
452;3159;3
856;2523;6
722;9329;0
4498;2952;7
4095;3944;5
1999;4540;8
131;7776;3
2208;2298;5
1364;1264;1
353;3056;8
4690;8623;4
2538;3685;0
565;9610;2
349;3844;5
1894;4591;10
100;6074;1
2905;5213;9
835;7638;9
3360;8687;8
293;6016;0
1525;6139;10
880;9829;3
1;7824;7
2462;3149;7
3184;3178;10
466;9945;6
2108;4629;9
4793;7601;7
1790;1141;0
719;2247;7
105;5043;1
130;9598;0
1936;2766;9
1370;6126;2
2920;8765;0
1633;8588;8
2923;1654;3
3412;2542;1
3788;7780;0
2596;1048;10
659;9305;6
4448;7522;5
35;3732;5
2023;8805;6
3484;8324;5
649;4807;4
1888;9238;4
315;2347;1
2708;2655;8
4956;4580;6
2459;6411;6
1540;3168;1
483;6508;5
2888;3108;8
1810;5602;5
4775;6027;5
1311;6864;7
3743;6257;10
1060;6232;2
999;9159;2
4697;9212;0
2123;5252;4
4566;1305;9
3803;1042;6
4117;9409;4
2922;6367;7
3835;5270;10
2058;5992;7
3138;1299;2
3488;9844;9
765;2491;10
2957;2941;4
594;2636;8
739;6090;5
379;4868;2
1984;6477;5
2331;8243;1
3818;2250;9
2257;9597;4
2698;6061;2
4306;7617;5
22;3187;0
2974;6214;2
1630;9485;6
1539;6895;9
1070;3887;5
4599;9793;0
1469;6560;0
4724;1825;9
3136;9606;8
2913;5716;3
391;4142;8
1254;5650;5
2634;8721;0
4558;6695;10
1935;9437;1
2696;4286;3
3032;3015;5
503;6660;2
3382;7770;1
3440;1435;1
2164;9404;5
3496;7480;10
401;4389;7
1124;9708;7
1975;4545;9
2099;3209;10
4772;2430;0
1238;4068;10
3605;3656;7
221;7584;8
3093;5827;6
1654;7898;3
4308;8852;6
1477;2871;1
840;1926;2
2336;3970;6
433;4507;2
1987;4865;3
3178;9409;2
4243;6831;8
1886;5872;0
4011;7460;10
4366;3272;0
3954;7487;4
4465;7760;8
4340;8428;0
4666;2021;6
3060;4457;9
1129;2903;0
4451;9017;10
1643;9217;4
167;4063;4
2112;3516;6
1320;5333;3
618;6753;1
4384;4478;1
1009;4173;3
4816;5333;9
3337;5952;5
3958;6184;4
1081;4948;5
1998;5486;8
215;1978;10
2838;5739;7
2323;3928;3
3649;4731;10
2854;6769;10
1057;7940;2
4202;7148;8
33;4102;7
2567;1720;9
1809;7419;5
1292;7041;8
4707;3937;10
4618;9908;4
4576;8917;5
2690;5960;3
4425;4701;10
2999;6982;0
2772;3364;10
1004;7507;0
1978;6871;1
4878;9979;8
3355;1602;4
1245;7049;6
1781;6219;10
1021;4467;1
3823;5166;1
1928;7378;2
818;3849;5
1700;7322;2
4774;7608;4
2557;8335;0
2832;1330;7
4742;1298;9
1460;5951;5
276;5685;8
4658;4851;8
2155;5430;6
3504;4996;1
1755;7319;9
4235;6586;2
2847;8476;6
1829;2972;4
3415;5031;4
993;7656;7
3101;2188;4
3750;6260;6
3122;6277;6
4885;5242;5
4939;3502;0
1130;7597;0
3371;7287;0
2016;2428;6
3256;2648;1
2371;7262;4
768;4019;4
4405;5985;9
2506;9600;7
4115;4315;8
2726;4682;7
1141;6043;2
351;3258;10
3213;6170;4
2809;9118;10
151;9329;7
1542;8751;6
1428;3442;2
1154;8247;7
1934;6698;9
2646;3874;9
2578;3340;9
3340;6608;6
2524;7821;5
859;3492;8
1688;6573;9
2006;3580;10
2898;4047;9
4889;5587;6
4505;9871;10
564;4425;1
3926;5272;7
3964;3296;0
936;1030;5
3275;6328;1
1954;6492;0
2432;6077;3
2977;5427;6
4089;8091;6
1826;6720;7
2324;8407;5
4806;1721;7
3153;6453;2
3717;2234;9
1723;9852;4
2088;7206;7
2367;6218;7
2477;6810;5
486;2108;0
4477;6451;1
4197;8456;10
684;2541;6
823;8670;1
1554;9999;3
3459;9424;9
4501;9587;5
713;2799;3
4332;1666;10
3315;2654;3
800;6106;1
826;5126;6
2504;7410;4
4955;3031;8
3217;5492;1
1091;6023;6
1943;4601;4
3222;8619;7
1957;4194;10
4787;8343;8
3851;7613;9
956;2666;3
622;5302;10
2078;3610;2
643;2508;7
390;6836;1
1720;3869;8
4482;3181;1
4611;3729;10
2100;3484;3
1817;1269;2
1342;9912;5
3049;5040;7
1284;6635;10
1164;6986;3
4866;3513;2
3225;2911;2
2934;8553;7
2762;5477;5
2478;8105;0
526;8480;2
4275;9495;1
553;8449;1
1752;3188;5
4050;5031;9
2584;4506;8
1405;2804;0
1285;2393;4
426;5243;5
563;9105;5
192;2023;8
3597;5928;10
1940;4967;1
3130;3675;0
2890;6534;10
941;7750;5
2086;8064;2
2143;2415;8
3762;4796;1
185;4566;5
3630;6583;4
4652;9793;10
706;3430;9
2206;4289;9
1813;3201;7
3048;6415;4
1870;1641;7
1856;8965;3
411;7127;0
2141;8790;4
1330;1942;7
2275;8745;0
3574;6261;10
4004;1445;2
3970;8316;4
208;9870;4
4709;1923;7
3375;6907;5
3008;3582;1
1191;8154;9
3269;6774;10
1470;6871;5
473;3209;5
2340;7987;3
2640;8986;9
3903;9209;10
2450;9402;6
2220;7433;8
1213;5920;5
2662;9896;8
4890;5235;1
1860;6835;3
3243;2404;1
688;6438;5
2750;7739;5
2415;9346;10
435;4656;6
4284;3510;8
1036;1083;4
4696;7907;7
1246;2588;9
4457;6014;7
1541;6029;10
3528;3850;4
1142;4626;3
2160;8175;4
120;9958;7
2821;4083;9
3351;9749;3
2217;4344;7
3832;1272;0
1476;9947;7
867;8848;8
2946;7620;8
4406;2761;0
4456;7895;3
2591;6470;2
4339;8957;6
2494;5222;3
4364;1702;4
196;6065;0
691;3672;5
3494;4458;8
197;3086;5
3006;7710;1
1498;6993;5
3655;9228;3
228;3010;5
3023;2411;3
2139;9829;7
2356;6530;8
3748;7276;7
3981;1518;5
4377;2316;3
2042;4430;8
3777;6088;9
3341;1384;2
889;2457;1
2282;2124;1
1627;9123;10
4128;1710;4
2586;7489;7
1503;1747;8
3373;9869;1
3264;7220;0
1857;7126;9
288;5553;3
2819;9407;5
2169;5432;3
307;4833;8
4642;5336;4
3323;1363;4
1188;4821;8
3610;9058;2
26;1213;8
4948;3780;10
3904;8738;10
3270;4835;2
171;3899;2
951;1829;10
2735;7855;9
2014;9908;5
736;2904;5
772;9933;7
242;3211;3
2704;6301;9
4903;1996;8
524;9812;6
4293;8392;0
4311;1233;8
804;1751;6
4619;5019;1
2716;5543;9
2655;3040;1
4292;3117;7
204;1593;7
692;4986;9
4553;8756;9
2370;2164;2
3669;7569;10
860;6729;6
4716;6580;6
2448;9892;5
4844;8547;1
2049;6648;5
4743;2924;3
1993;3934;7
933;5671;4
3700;2545;10
304;9538;8
3067;5923;0
726;1919;6
2900;8688;6
2041;1683;1
515;9006;3
3288;9899;4
1609;9726;9
3539;1515;1
1972;9823;8
4412;2430;4
2252;4433;7
1676;3936;10
2649;4322;1
3024;7430;6
3095;5281;3
2740;9741;3
4214;8019;7
620;9531;8
2250;5645;3
3228;9968;3
464;7479;0
4952;9078;6
1404;2983;4
1883;9160;5
963;9878;5
1685;7767;1
3279;9023;8
522;4388;2
1783;3682;5
2054;9766;9
2693;8836;10
2505;2412;9
1121;2768;9
2756;3702;1
2806;9489;2
2303;1514;1
3809;1348;3
626;1613;10
3937;1253;10
2683;9988;7
382;9032;9
1368;3060;10
4352;8381;7
28;3515;7
3029;3843;10
4683;9950;3
2096;7020;9
939;5208;2
892;7113;8
4752;2263;6
1655;7966;6
2111;8403;4
4111;3368;0
4630;2665;7
4039;1426;10
3026;7800;0
1911;3623;7
31;2030;4
3817;1495;9
1349;2059;1
3322;1117;8
2180;4595;10
4368;9123;8
1266;1911;2
3280;5753;10
2182;5311;3
1913;5688;10
2209;5781;9
85;5813;3
822;9986;2
393;4028;7
4977;8120;8
1048;3855;3
532;9392;2
4033;2116;4
1979;9064;1
4500;8159;0
4840;9434;5
2926;9049;2
2824;8352;6
2352;5644;4
1216;3906;6
837;5262;10
3467;5591;6
1457;1871;7
4216;8942;6
2271;6980;2
1148;3593;1
3140;6577;10
3210;8384;0
4657;8682;0
454;6634;9
3398;3157;10
1343;1895;7
4433;4327;4
3188;3621;1
1919;1995;6
443;1141;8
502;5261;0
3135;9626;3
3638;8736;5
2609;2308;5
4494;6029;9
606;2904;5
3990;5491;7
1224;6257;1
3409;6266;2
1046;5926;8
3098;5227;6
3723;5282;4
1184;3469;5
1126;2456;4
746;7511;4
930;2156;2
2953;5906;1
1693;9006;3
911;7174;3
683;9044;8
1160;5510;9
3486;8674;2
254;9861;5
463;2667;1
573;9863;10
3325;6688;9
4747;1085;6
3080;4587;3
4230;6383;4
752;3160;3
3250;4227;5
2256;9113;2
2914;1386;8
4244;9612;3
3349;5949;9
628;3721;4
2823;2084;1
84;1502;9
4795;1390;2
3526;7668;1
1195;8948;10
1090;9514;9
3631;6139;4
4190;6483;0
4631;1290;2
2935;1401;3
1501;4174;7
3343;5884;5
4626;2043;7
3674;6557;9
3108;4719;5
358;4862;0
1263;8302;1
3318;5689;8
4305;1165;7
3989;6000;8
4110;7758;7
2597;5295;3
308;2305;9
3260;9239;0
1341;7294;10
230;4199;8
4790;9080;10
4535;2733;10
476;4863;4
838;1003;0
3129;3085;8
4376;8757;10
4475;8226;0
850;6034;5
2307;5693;10
2592;3212;0
3333;9171;1
4155;8777;3
1351;8509;2
2595;9414;0
2260;3586;5
2774;7857;3
2798;9065;10
2639;2224;4
4495;9902;4
4057;3557;1
1581;8011;2
68;7030;7
2039;1981;8
413;1035;0
491;4353;7
1682;7942;3
3248;1073;9
2291;3426;5
2643;9076;1
4911;8986;10
384;7453;5
4937;9845;8
3608;8107;6
4296;9045;0
1631;5229;7
1192;9381;10
3869;8297;3
1316;1583;10
1619;5577;2
1265;4160;10
2299;6262;9
2546;3410;3
453;8061;9
2213;4279;10
2308;2748;6
3619;8775;0
4371;3545;4
3564;1119;2
4525;8594;2
741;8218;0
2611;2888;0
2720;7321;6
1695;4723;0
2022;7411;4
1786;3162;1
1500;7974;9
3710;5237;6
2664;1601;2
4828;7553;4
2044;7526;8
3946;9421;10
1923;8935;5
2729;4085;3
2202;5641;0
4049;6169;8
2218;6063;9
1042;2995;0
4971;7722;4
407;1889;7
1155;7701;7
4783;5731;7
3654;6001;9
966;3132;4
1740;6006;7
1516;3236;1
1778;1379;10
1194;3469;1
2723;9850;5
984;4900;8
2863;6338;9
2463;5472;8
2670;7363;0
4342;2934;10
459;3958;8
3949;3449;6
887;3976;1
1110;8662;5
1413;4822;9
415;5359;0
4568;1876;8
2425;3312;10
2460;9195;3
1061;2620;0
1762;2628;5
4660;9086;0
944;7366;7
3485;6183;8
4010;6710;6
3648;2949;1
3939;9361;1
1054;6021;6
1640;7306;10
1083;9920;4
4324;4582;10
2229;8366;6
1093;5682;5
3466;7246;2
414;2317;5
2346;8197;1
2154;9040;5
4702;8866;1
2790;6403;6
34;9228;10
1977;3009;10
1867;7658;5
3148;8414;9
3931;2837;5
1176;9285;10
1212;2244;4
347;2242;9
1602;9589;7
2011;4201;9
3274;4483;10
1230;9101;10
2528;3632;7
1873;4576;3
2501;9197;6
4135;2701;8
1441;2548;4
41;9184;6
1459;3930;0
2969;2009;3
1669;1404;7
1035;9195;8
458;3329;6
4399;1941;4
3460;9212;6
2657;2469;6
3612;5536;7
54;7726;4
3348;4698;7
2967;1119;5
1037;7054;3
4995;1872;5
3690;3933;4
862;7793;7
3982;4878;10
4452;7820;9
3087;7934;0
3190;8688;1
4492;8473;5
953;6638;6
1983;7731;4
4379;7453;8
1309;9112;0
702;6124;7
3759;9491;0
1314;1056;1
3458;2046;2
1200;3783;4
477;3456;5
3308;1328;1
4713;3256;1
3910;4131;10
2192;5383;8
2652;7650;5
554;1912;6
4212;6218;6
4278;5895;6
1825;6048;6
1663;4113;10
470;6526;5
1209;6952;4
4163;3023;8
4569;7657;2
4678;4116;8
2581;8395;9
3992;1857;8
2606;2852;1
4958;2888;9
3195;6006;5
1392;6068;8
2814;4393;2
485;9846;0
1268;2691;6
4700;2785;6
2239;4815;8
3123;6070;8
66;7063;4
2019;7860;1
4572;2749;0
2131;1260;7
2095;6599;6
1041;4367;9
3434;9819;4
3607;5524;9
4922;4971;10
188;4703;10
2092;9465;0
1198;8151;7
1169;3304;1
4749;4488;10
1533;1185;6
4164;1534;9
1131;8507;2
1371;9364;1
607;9680;0
441;1568;9
469;9542;3
3775;6059;8
2607;7017;2
4356;2538;2
144;9274;0
1384;2877;10
3176;7542;5
2035;2474;8
2073;2742;0
4978;1099;6
3881;9022;2
456;6992;10
1043;9597;5
4592;7659;0
1587;1497;3
4577;4136;5
1087;7001;4
836;6709;7
731;6271;4
83;4705;5
3516;9956;1
3096;6267;2
2751;8515;4
3906;4557;3
3163;8154;0
4684;3933;6
2205;8514;5
1639;9316;7
861;3925;5
3673;4882;4
4373;2482;9
1780;5411;7
1657;5430;0
1574;3461;1
80;2822;7
786;8703;0
2608;4047;3
4508;3341;3
1900;6630;4
4232;6548;0
484;2270;6
1864;1191;2
2013;7496;1
2674;4205;2
1473;8395;2
3822;4548;7
4721;6353;9
4179;6515;3
839;8669;5
4348;7190;1
1768;8430;8
3729;9991;3
4420;8997;8
841;2995;2
992;2831;6
3589;6968;6
1819;5191;9
3113;6435;6
4644;7316;8
4116;8597;1
292;2214;7
670;3620;7
2706;1422;9
4602;8540;2
3441;5909;4
3709;4873;4
3089;1305;6
2973;5082;2
4486;9524;10
2418;5710;9
93;6371;9
570;8431;7
3052;4778;4
1398;2987;5
3956;4583;0
808;7198;10
1586;6959;5
743;3171;9
685;1498;0
2564;3954;6
4894;8853;7
974;7168;0
544;8221;7
1478;3779;1
2752;8551;2
1492;1541;9
1646;2935;5
4369;4238;3
3449;6468;6
2677;6739;5
940;1158;3
1584;7589;9
1378;3001;10
2975;1668;5
1327;3556;8
2983;4041;7
81;2854;0
4565;3378;6
1483;1583;1
2678;2283;8
638;3105;5
3733;8563;5
1568;9469;3
2087;4045;9
212;9539;6
3682;3687;3
3596;1741;9
383;2049;2
3179;9813;4
4757;3147;3
3249;8323;1
793;1166;6
704;1973;8
2337;8170;3
4880;7781;8
2651;5034;4
1023;5361;1
447;1006;1
2284;4008;7
3632;8069;2
4222;8388;2
3568;7431;3
449;6334;5
499;9858;7
3712;7737;2
4428;9196;6
914;1419;4
1991;1956;0
4765;5033;1
4024;9915;2
4269;5333;3
3739;8031;7
4078;4844;3
1203;2870;8
297;1145;6
3172;4386;9
3094;3822;2
1102;1654;2
1721;6000;1
1645;6340;2
4349;1443;8
294;7380;5
4510;4520;5
1697;4417;4
1415;4485;5
4814;4716;4
2069;7537;2
2507;4851;0
348;7108;6
1806;4148;7
4410;2066;6
2486;9368;3
863;3286;6
3783;8067;3
1898;9124;7
3224;1087;4
4148;1971;10
548;4283;10
273;2300;7
181;7981;4
4826;1496;8
551;4793;8
1529;7325;7
2199;3752;1
1835;8764;6
1722;8853;9
4295;5734;6
4949;5982;0
1955;8261;6
2470;8928;3
976;7243;1
734;1442;9
845;7343;2
4938;3082;2
3884;3706;7
979;5451;5
4098;2650;0
324;4423;9
398;4541;4
4517;9090;4
596;8002;9
820;8201;2
1223;1518;10
3793;2335;1
4173;4685;3
2782;3218;5
994;3032;5
1872;4260;9
1264;2537;6
3815;1778;10
3950;6793;3
2489;9212;10
4360;7738;4
1222;8629;5
4238;5992;8
3824;7230;1
2498;8964;8
4150;8655;4
1716;3981;10
3667;3543;6
3235;3519;7
3771;6926;5
3542;4376;8
4237;3238;2
2543;7434;6
907;8959;10
1725;5774;1
1493;2360;6
3517;2115;0
385;2953;6
3880;9566;10
4557;1043;1
408;1429;3
1851;7468;1
2383;1444;7
3769;1149;7
2912;3390;1
4114;8943;1
4807;2141;1
3740;6482;6
287;5725;1
4484;8931;0
4973;6512;0
2411;4128;6
855;1225;6
467;8975;3
3013;9436;4
3999;5598;1
2558;3212;8
4478;5949;8
4934;6653;2
1175;1832;2
3831;7199;10
448;6093;2
2386;7918;9
4187;3810;8
1990;7370;3
4968;7795;2
4437;9537;6
2376;3054;6
4144;8934;9
3192;9963;3
2513;2395;0
819;3725;10
4234;1864;3
419;6017;6
2679;5882;7
1973;7614;7
1066;1129;2
2230;9399;5
236;9935;4
1074;6314;2
4627;9005;4
3843;9588;1
3587;8753;4
2780;1403;2
3688;9037;0
3285;4552;2
3328;1262;4
4875;1667;3
2077;6720;10
1386;9123;3
1521;9146;0
4300;1470;10
4227;1240;9
3675;6846;0
3181;4958;8
368;1175;8
2272;8237;1
2466;5877;10
4641;1063;10
3077;3058;1
128;1218;6
744;9114;0
140;5874;10
504;9949;7
4776;3471;3
3918;9207;0
209;7913;9
3873;9569;9
461;3200;2
3219;9722;3
4279;5269;9
3598;9756;8
4643;6851;0
4087;9119;8
18;3430;5
1665;2937;3
1270;6090;8
3773;4937;9
3920;6442;6
2344;3174;2
3715;6623;4
1804;7648;9
2233;2542;0
2231;8866;1
166;6496;5
613;6694;7
1967;3303;3
431;7605;0
4355;1015;5
1388;1512;8
1927;6436;2
3368;6308;7
3000;6060;2
1221;5682;10
2008;4853;6
925;1828;6
2749;6312;8
3347;3396;6
3547;7050;8
3152;3784;2
2560;1549;2
4898;2297;3
1248;7520;8
4160;4655;7
3075;3392;4
1702;8716;1
3968;9575;0
1897;4554;2
2483;5313;5
1845;6877;5
1010;6099;6
2931;5452;4
4381;5659;4
2781;7254;6
2114;7603;4
2194;5326;6
362;8992;5
2610;9032;4
3171;3123;5
812;6614;8
3420;5143;2
3953;1541;4
2644;5062;5
1269;3354;8
3896;8226;6
3014;1629;5
3861;2777;10
4514;7773;0
1950;1057;0
1656;4358;2
158;3447;4
2487;2734;2
3068;4678;0
1486;1424;3
3703;5344;4
1760;3124;4
2835;3610;8
4725;9667;10
4589;2145;8
1868;9439;1
4779;9597;7
1088;7412;1
4622;6998;8
833;4208;5
2351;8725;2
3513;7336;1
149;1995;3
2447;8573;7
3301;1190;9
4481;5443;7
1548;4920;1
2407;4437;2
1452;3495;4
1173;8514;8
4207;9597;9
513;4257;4
2162;8314;7
3852;4673;9
2604;1957;7
3408;4179;8
147;3933;7
321;2206;5
4590;1973;1
597;4248;6
2115;9481;8
4581;9051;8
968;4470;7
4560;5176;6
3898;3661;5
779;1198;4
4780;2715;6
3606;7650;9
4762;2528;8
1552;4500;8
4838;7688;10
201;4919;10
4496;9447;4
91;5712;0
647;3028;3
589;4923;1
1045;9744;6
3693;9173;10
4805;3316;8
4821;6006;8
4061;3161;4
3634;2032;5
3016;2199;9
4291;1060;5
4250;8523;10
3489;9428;1
2962;6570;5
2427;2796;6
1479;8743;1
611;9042;7
3063;5210;1
4444;4582;4
3518;9053;6
4820;4619;6
195;2959;6
2335;2769;1
2515;3083;2
4175;3563;10
1317;3141;9
3735;5413;7
3324;6388;0
3767;3273;2
762;3501;9
102;7759;9
4632;9883;7
764;1466;2
4823;2354;8
49;6630;10
232;3589;7
865;3727;5
311;3121;9
4974;5074;10
2224;9468;9
4217;8348;2
534;8235;2
3834;8042;5
701;5952;4
2958;5287;9
2836;2654;8
2389;8761;10
20;2608;7
3707;5790;6
1882;9576;5
3305;9388;0
4906;4463;10
3216;5918;9
961;5585;5
1369;8609;7
886;9592;8
3076;5264;1
4546;9897;7
2251;3828;2
3961;9262;0
1179;8690;2
4544;9820;8
301;3703;3
299;1050;4
3259;3895;5
284;6457;5
306;1979;1
4077;5604;4
410;3970;4
657;5055;0
1885;7093;4
1411;2965;7
1419;4867;0
1838;6459;1
4962;6753;7
3037;7587;1
1758;8792;2
1797;5379;2
397;7804;2
858;4705;4
3595;8501;9
871;6850;6
2509;5217;5
4541;6457;10
3549;8967;5
975;8494;1
2862;4195;0
2212;5391;4
69;8825;0
295;6221;5
3714;4485;3
2348;5478;3
3555;1575;5
3614;8831;4
958;8469;1
240;3799;5
2032;1847;6
540;1188;6
1132;7816;1
2179;2882;0
2811;5629;8
1226;8095;8
1288;4100;6
509;2400;8
632;3792;9
372;8110;3
487;6139;4
1322;6437;10
4648;8295;3
4026;9891;4
4118;5004;4
2232;9039;4
4416;2651;3
1890;5292;7
847;8676;2
4656;6056;1
661;3419;6
3358;4666;5
4071;6400;9
4472;7543;2
4539;6469;5
112;1373;7
1520;1108;7
1465;9767;1
2530;3288;6
1713;6966;2
3115;3067;5
2876;1778;10
3205;6993;7
2167;2947;0
671;7189;7
4744;6693;5
3009;4976;5
763;8703;9
3541;5565;6
77;5788;2
3842;8774;8
4386;7013;5
268;2995;7
1828;8308;1
4528;3064;10
3342;9884;2
2535;9925;8
2071;8056;4
3573;3195;7
1848;9913;8
4964;5622;5
1030;6633;10
2906;1507;10
3888;9779;9
884;1107;2
30;6926;1
3708;7849;0
3102;4964;9
2302;4708;10
2189;6198;8
2568;7662;10
3296;8007;7
2841;3373;8
964;8457;6
2671;7461;7
3624;6510;6
3652;6687;7
4538;1315;4
1604;3527;9
967;7909;2
3359;5573;3
2807;3653;8
4441;8767;2
2933;5821;6
3985;7723;6
3558;3412;9
1462;2514;2
903;9954;4
3854;1901;0
810;2701;9
4671;9774;3
1647;3864;8
1286;6753;10
1531;4062;3
2675;2675;10
4770;1351;8
2491;4783;7
777;4992;3
580;4022;8
2979;8106;5
3987;5732;6
1260;5828;7
2433;3271;7
3292;7634;10
2775;9565;7
1792;3595;8
1986;7907;4
2929;5949;2
369;9916;2
2499;2578;1
200;3231;7
3099;5930;10
2510;8189;9
4605;4744;7
4735;3501;6
962;4951;7
2989;2324;2
4583;1953;6
104;3265;6
2057;8492;7
1791;7909;7
2725;8971;6
2552;3525;5
1698;7111;10
1823;3698;5
480;2846;9
1497;4453;0
4699;6992;8
1161;2363;5
4529;6845;9
1840;4331;7
3594;8692;0
4228;7652;7
3879;6308;3
929;2522;7
3470;6589;1
3105;2025;3
3041;6043;7
3633;2099;3
1662;1419;6
3286;3104;6
1784;6455;9
3711;8754;5
3145;3460;8
1917;3934;6
3189;3751;2
490;6382;3
3451;8736;1
4388;4524;7
1945;7603;6
4685;8099;0
725;6244;4
2330;5003;2
794;4879;5
1793;5069;10
791;2933;7
932;9249;1
4739;2361;8
582;7312;9
3300;8699;1
4961;5362;2
588;4552;10
3439;7787;2
3471;9876;5
3523;2081;2
3450;4935;5
1026;8517;10
2341;1484;3
1904;1313;1
1416;3807;4
1028;1660;7
4304;9140;5
2020;6697;3
3897;7024;1
1895;2361;7
668;9861;9
4548;6816;10
2583;5487;2
883;7291;9
4942;6318;10
4247;1738;3
14;9119;8
3100;4730;8
920;6303;0
4310;9110;1
619;5190;0
4471;9573;8
2553;7789;10
2385;8857;3
792;9143;8
3684;3089;7
2366;3665;1
550;8177;0
3628;9653;0
4108;4740;9
4315;8331;7
36;7300;1
4918;2253;5
574;8328;10
4682;5817;2
270;5567;3
2739;3697;2
346;2244;4
2815;6978;5
4936;8723;10
2738;4143;2
1616;4896;8
935;8377;2
1393;5245;1
2641;8548;5
805;4204;1
2241;7945;1
1728;3039;6
3207;7212;0
4383;9769;2
3795;5236;2
2879;3770;5
1625;5618;8
2688;3961;9
4681;4040;6
498;5412;4
4905;4274;6
977;4574;9
4130;3001;1
1211;1019;3
255;7311;0
229;6268;1
4575;1631;4
1218;7018;1
4294;2102;1
3215;9066;5
2658;7535;8
1508;8585;0
571;4177;8
759;4004;7
3894;7404;8
1756;7187;4
1107;6385;0
894;8681;10
3490;2380;10
782;8283;1
2753;3839;3
4540;7338;0
1391;6485;0
4932;5588;8
1805;2564;3
612;9394;3
1105;6589;7
1770;6098;6
88;1505;8
616;2999;9
3221;2522;1
1394;8826;7
126;3787;3
1229;2644;1
3297;2287;5
5000;5548;5
282;4264;8
4003;3563;4
4571;3227;4
1243;2539;2
1937;6634;0
1691;1226;8
1012;3799;1
3848;1605;2
4084;3190;9
1661;1908;5
1312;6255;5
4009;5624;0
4043;5869;8
1122;2513;7
1488;9638;10
2318;2916;4
4468;9317;2
4665;6809;1
1519;2951;6
4176;5595;4
3502;7502;0
2722;1065;10
972;1783;3
4740;3630;2
2314;8662;3
442;1023;1
2547;5973;0
1228;1469;7
1622;6590;4
3058;3933;6
4824;2292;2
1117;4815;9
1948;3448;1
1418;1322;4
3427;8178;6
3862;7185;4
2531;1031;10
2378;8083;2
1205;9791;8
1258;9960;7
1952;1605;1
1658;5560;5
1472;3776;7
223;1546;7
4240;5113;10
3231;9705;0
579;2715;5
4811;2296;9
3357;7491;10
4362;8558;7
90;1920;10
4382;6738;4
1938;3308;10
2030;7792;2
2066;1478;5
1006;7368;6
3040;3975;9
495;5062;9
2329;1284;5
3372;5535;3
1871;8932;4
2668;4814;8
4462;6336;10
872;3791;7
4847;1833;5
3134;4863;2
3218;7053;10
1678;5225;3
4613;5652;9
492;5847;4
259;5152;4
3925;2408;5
1605;7379;2
775;5375;3
1956;6388;8
2981;4663;1
3227;7061;4
1125;8571;1
4140;1141;5
2342;2873;10
2869;9404;3
776;1521;9
2852;8162;0
1965;1535;8
3468;2312;2
4637;5957;8
1909;1541;1
4143;2658;5
1709;4745;5
4158;4251;6
3329;1650;10
3757;6131;5
6;8709;6
146;9415;0
2455;7211;7
4895;9956;2
3429;6853;1
1214;1037;6
4692;3647;8
4746;6291;5
3702;6060;2
942;3775;1
457;5933;0
2779;1932;10
965;9945;2
1550;8640;1
2886;4107;6
2904;3435;4
1741;9654;8
3287;9853;8
3808;2176;7
3883;3246;0
4734;3585;9
1538;2960;5
3056;3141;1
535;3014;2
3613;7923;0
2711;6361;8
3185;3246;7
971;7270;9
1921;9050;0
4877;2165;9
1178;7232;1
4804;8462;4
4218;2873;10
4395;7388;2
1215;7905;1
700;5756;3
450;1641;9
2319;2192;7
2338;3722;4
1775;4719;5
4318;7901;3
1915;3053;0
2987;3369;4
4469;6403;7
366;6317;3
3857;8021;6
474;8796;4
4413;5432;1
4404;6888;5
4038;4838;3
191;8810;3
2002;3961;1
1628;4943;2
4090;8738;8
4669;6983;2
258;5441;8
3643;8435;10
2964;2613;5
1244;7547;2
1577;8586;9
1362;1895;10
4668;8922;2
3855;9284;6
3727;6806;8
3988;1537;3
1874;9383;3
3544;3286;0
106;8271;7
827;1928;1
4916;9094;0
211;3296;6
2783;6161;3
2027;8313;4
742;4611;0
557;2464;9
170;4264;6
2840;7251;4
2616;6775;0
3804;6227;8
1429;8136;8
2812;1408;8
885;6955;8
2799;6525;3
4419;1304;9
1127;6821;7
1468;9483;1
1664;8855;8
4549;9811;6
4794;5665;5
2570;6596;7
1051;2875;0
4551;3165;9
1044;7962;5
3406;9526;9
1939;8851;0
2197;1265;4
766;9022;0
3776;1314;9
203;2815;1
249;8661;0
747;6340;9
758;9553;2
3755;8930;7
400;8599;4
220;4776;8
3206;9183;5
673;5963;6
2240;2322;10
2326;5935;4
4277;8296;5
3531;7834;9
3469;1767;10
298;4829;2
2870;7451;4
985;7791;5
1144;7245;3
1947;5352;1
530;9838;2
1353;5537;10
370;9730;4
924;5672;8
2892;3494;0
1181;7165;6
1881;9271;1
4068;1979;3
788;5744;3
4151;5139;8
4;8858;10
65;4319;3
3164;7369;6
2801;6117;8
4997;5054;1
3293;1258;2
3265;1596;5
2691;6506;10
3482;9363;7
1333;4740;6
342;1494;10
2516;6598;3
1253;5773;2
1182;9967;8
2911;1588;9
4178;9484;6
3792;6847;8
3644;8464;3
1381;3170;8
637;1847;0
199;6500;8
2098;9435;0
